full_name,code,fund_url,type,publish_date,setup_date_and_scale,asset_scale,amount_scale,company,company_url,bank,bank_url,manager,manager_url,profit_situation,management_feerate,trustee_feerate,standard_compared,followed_target
国投瑞银精选收益灵活配置混合型证券投资基金,	001218,http://fundf10.eastmoney.com/jbgk_001218.html,混合型,2015年04月27日,2015年05月19日 / 27.036亿份,5.60亿元（截止至：2020年03月31日）,7.0112亿份,国投瑞银基金,http://fund.eastmoney.com/company/80000233.html,中国银行,http://fund.eastmoney.com/bank/80001122.html,孙文龙,http://fund.eastmoney.com/manager/30325387.html,每份累计0.00元（0次）,1.50%（每年）,0.25%（每年）,沪深300指数收益率×50%+中债综合指数收益率×50%,该基金无跟踪标的
国投瑞银创新动力混合型证券投资基金,	121005,http://fundf10.eastmoney.com/jbgk_121005.html,混合型,2006年10月09日,2006年11月15日 / 14.969亿份,11.55亿元（截止至：2020年03月31日）,16.1357亿份,国投瑞银基金,http://fund.eastmoney.com/company/80000233.html,光大银行,http://fund.eastmoney.com/bank/80001066.html,孙文龙,http://fund.eastmoney.com/manager/30325387.html,每份累计1.26元（13次）,1.50%（每年）,0.25%（每年）,沪深300指数收益率×80%+中债综合指数收益率×20%,该基金无跟踪标的
博时汇智回报灵活配置混合型证券投资基金,	004448,http://fundf10.eastmoney.com/jbgk_004448.html,混合型,2017年03月08日,2017年04月12日 / 2.511亿份,1.08亿元（截止至：2020年03月31日）,0.6308亿份,博时基金,http://fund.eastmoney.com/company/80000226.html,工商银行,http://fund.eastmoney.com/bank/80001067.html,吴渭,http://fund.eastmoney.com/manager/30276449.html,每份累计0.00元（0次）,1.50%（每年）,0.25%（每年）,沪深300指数收益率×80%+中债综合财富(总值)指数收益率×20%,该基金无跟踪标的
博时医疗保健行业混合型证券投资基金,	050026,http://fundf10.eastmoney.com/jbgk_050026.html,混合型,2012年07月23日,2012年08月28日 / 2.769亿份,34.59亿元（截止至：2020年03月31日）,13.2205亿份,博时基金,http://fund.eastmoney.com/company/80000226.html,中国银行,http://fund.eastmoney.com/bank/80001122.html,葛晨,http://fund.eastmoney.com/manager/30574435.html,每份累计0.14元（2次）,1.50%（每年）,0.25%（每年）,中证医药卫生指数×80%+中债指数×20%,该基金无跟踪标的
鹏华产业精选灵活配置混合型证券投资基金,	005812,http://fundf10.eastmoney.com/jbgk_005812.html,混合型,2018年04月12日,2018年05月09日 / 13.326亿份,2.21亿元（截止至：2020年03月31日）,1.7883亿份,鹏华基金,http://fund.eastmoney.com/company/80000230.html,工商银行,http://fund.eastmoney.com/bank/80001067.html,王宗合,http://fund.eastmoney.com/manager/30066292.html,每份累计0.00元（0次）,1.50%（每年）,0.25%（每年）,沪深300指数收益率×70%+中证综合债指数收益率×30%,该基金无跟踪标的
平安消费精选混合型证券投资基金,	002598,http://fundf10.eastmoney.com/jbgk_002598.html,混合型,2016年04月25日,2016年06月08日 / 2.574亿份,0.20亿元（截止至：2020年03月31日）,0.1987亿份,平安基金,http://fund.eastmoney.com/company/80168726.html,建设银行,http://fund.eastmoney.com/bank/80001068.html,刘杰,http://fund.eastmoney.com/manager/30479077.html,每份累计0.00元（0次）,1.50%（每年）,0.25%（每年）,中证内地消费主题指数收益率×60%+恒生指数收益率(经汇率估值调整)×15%+中债综合指数收益率×25%,该基金无跟踪标的
汇添富优势精选混合型证券投资基金,	519008,http://fundf10.eastmoney.com/jbgk_519008.html,混合型,2005年07月05日,2005年08月25日 / 10.251亿份,21.17亿元（截止至：2020年03月31日）,7.4980亿份,汇添富基金,http://fund.eastmoney.com/company/80053708.html,工商银行,http://fund.eastmoney.com/bank/80001067.html,王栩,http://fund.eastmoney.com/manager/30057297.html,每份累计4.13元（14次）,1.50%（每年）,0.25%（每年）,70%×沪深300指数收益率 + 30%×上证国债指数收益率,该基金无跟踪标的
平安优势产业灵活配置混合型证券投资基金,	006101,http://fundf10.eastmoney.com/jbgk_006101.html,混合型,2018年07月06日,2018年08月22日 / 2.997亿份,3.32亿元（截止至：2020年03月31日）,2.5019亿份,平安基金,http://fund.eastmoney.com/company/80168726.html,工商银行,http://fund.eastmoney.com/bank/80001067.html,黄维,http://fund.eastmoney.com/manager/30341628.html,每份累计0.25元（1次）,1.50%（每年）,0.25%（每年）,沪深300指数收益率×60%+中证全债指数收益率×40%,该基金无跟踪标的
广发多因子灵活配置混合型证券投资基金,	002943,http://fundf10.eastmoney.com/jbgk_002943.html,混合型,2016年11月30日,2016年12月30日 / 2.008亿份,1.35亿元（截止至：2020年03月31日）,0.9161亿份,广发基金,http://fund.eastmoney.com/company/80000248.html,工商银行,http://fund.eastmoney.com/bank/80001067.html,唐晓斌,http://fund.eastmoney.com/manager/30062778.html,每份累计0.00元（0次）,1.50%（每年）,0.25%（每年）,中证800指数收益率×65%+中债全债指数收益率×35%,该基金无跟踪标的
工银瑞信养老目标日期2045三年持有期混合型发起式基金中基金(FOF),	007651,http://fundf10.eastmoney.com/jbgk_007651.html,混合-FOF,2019年12月18日,2020年01月21日 / 0.507亿份,0.54亿元（截止至：2020年03月31日）,0.5602亿份,工银瑞信基金,http://fund.eastmoney.com/company/80064225.html,邮储银行,http://fund.eastmoney.com/bank/80093164.html,蒋华安,http://fund.eastmoney.com/manager/30597899.html,每份累计0.00元（0次）,0.90%（每年）,0.20%（每年）,中证800指数收益率×X+中债新综合(财富)指数收益率×(1-X),该基金无跟踪标的
鹏华创新驱动混合型证券投资基金,	005967,http://fundf10.eastmoney.com/jbgk_005967.html,混合型,2018年05月14日,2018年06月06日 / 18.804亿份,3.08亿元（截止至：2020年03月31日）,2.5618亿份,鹏华基金,http://fund.eastmoney.com/company/80000230.html,招商银行,http://fund.eastmoney.com/bank/10000020.html,梁浩,http://fund.eastmoney.com/manager/30079581.html,每份累计0.00元（0次）,1.50%（每年）,0.25%（每年）,中证沪港深互联互通综合指数收益率×80%+中证综合债指数收益率×20%,该基金无跟踪标的
华泰柏瑞医疗健康混合型证券投资基金,	005805,http://fundf10.eastmoney.com/jbgk_005805.html,混合型,2018年05月28日,2018年06月25日 / 3.696亿份,8.02亿元（截止至：2020年03月31日）,4.8416亿份,华泰柏瑞基金,http://fund.eastmoney.com/company/80055334.html,建设银行,http://fund.eastmoney.com/bank/80001068.html,张弘,http://fund.eastmoney.com/manager/30685819.html,每份累计0.00元（0次）,1.50%（每年）,0.25%（每年）,中证医药卫生指数收益率*65%+中债综合指数收益率*35%,该基金无跟踪标的
嘉实养老目标日期2030三年持有期混合型基金中基金(FOF),	006245,http://fundf10.eastmoney.com/jbgk_006245.html,混合-FOF,2019年05月20日,2019年08月05日 / 2.010亿份,2.28亿元（截止至：2020年03月31日）,2.1273亿份,嘉实基金,http://fund.eastmoney.com/company/80000223.html,农业银行,http://fund.eastmoney.com/bank/80001120.html,郑科,http://fund.eastmoney.com/manager/30652840.html,每份累计0.00元（0次）,0.80%（每年）,0.15%（每年）,中债总财富指数收益率*(1-X*0.85)+中证800指数收益率*X*0.85,该基金无跟踪标的
招商丰利灵活配置混合型证券投资基金,	000679,http://fundf10.eastmoney.com/jbgk_000679.html,混合型,2014年07月21日,2014年08月12日 / 7.276亿份,0.38亿元（截止至：2020年03月31日）,0.3102亿份,招商基金,http://fund.eastmoney.com/company/80036782.html,中国银行,http://fund.eastmoney.com/bank/80001122.html,贾仁栋,http://fund.eastmoney.com/manager/30489319.html,每份累计0.00元（0次）,1.50%（每年）,0.25%（每年）,1年期存款利率+3%(单利年化),该基金无跟踪标的
银华积极成长混合型证券投资基金,	005498,http://fundf10.eastmoney.com/jbgk_005498.html,混合型,2018年03月05日,2018年03月29日 / 4.889亿份,3.18亿元（截止至：2020年03月31日）,2.6651亿份,银华基金,http://fund.eastmoney.com/company/80000235.html,招商银行,http://fund.eastmoney.com/bank/10000020.html,孙蓓琳,http://fund.eastmoney.com/manager/30069921.html,每份累计0.00元（0次）,1.50%（每年）,0.25%（每年）,中证500指数收益率×75%+中证全债指数收益率×25%,该基金无跟踪标的
银华尊和养老目标日期2035三年持有期混合型基金中基金(FOF),	006305,http://fundf10.eastmoney.com/jbgk_006305.html,混合-FOF,2018年11月05日,2018年12月13日 / 2.103亿份,2.52亿元（截止至：2020年03月31日）,2.2728亿份,银华基金,http://fund.eastmoney.com/company/80000235.html,建设银行,http://fund.eastmoney.com/bank/80001068.html,肖侃宁,http://fund.eastmoney.com/manager/30040431.html,每份累计0.00元（0次）,0.90%（每年）,0.20%（每年）,沪深300指数收益率×40%+中证全债指数收益率×60%,该基金无跟踪标的
申万菱信盛利精选证券投资基金,	310308,http://fundf10.eastmoney.com/jbgk_310308.html,混合型,2004年03月08日,2004年04月09日 / 68.093亿份,10.03亿元（截止至：2020年03月31日）,9.5616亿份,申万菱信基金,http://fund.eastmoney.com/company/80045188.html,工商银行,http://fund.eastmoney.com/bank/80001067.html,孙琳,http://fund.eastmoney.com/manager/30164232.html,每份累计2.20元（11次）,1.50%（每年）,0.25%（每年）,沪深300 指数×75%+中债总指数(全价)×20%+1年定期存款利率×5%,该基金无跟踪标的
浙商大数据智选消费灵活配置混合型证券投资基金,	002967,http://fundf10.eastmoney.com/jbgk_002967.html,混合型,2016年12月12日,2017年01月11日 / 4.887亿份,2.28亿元（截止至：2020年03月31日）,1.5307亿份,浙商基金,http://fund.eastmoney.com/company/80156777.html,建设银行,http://fund.eastmoney.com/bank/80001068.html,查晓磊,http://fund.eastmoney.com/manager/30363639.html,每份累计0.00元（0次）,1.50%（每年）,0.25%（每年）,中证主要消费行业指数×60%+上证国债指数收益率×40%,该基金无跟踪标的
华泰柏瑞生物医药灵活配置混合型证券投资基金,	004905,http://fundf10.eastmoney.com/jbgk_004905.html,混合型,2017年07月17日,2017年08月16日 / 7.118亿份,10.55亿元（截止至：2020年03月31日）,5.9444亿份,华泰柏瑞基金,http://fund.eastmoney.com/company/80055334.html,中国银行,http://fund.eastmoney.com/bank/80001122.html,徐晓杰,http://fund.eastmoney.com/manager/30346940.html,每份累计0.00元（0次）,1.50%（每年）,0.25%（每年）,中证医药卫生指数收益率*70%+上证国债指数收益率*30%,该基金无跟踪标的
长城久鑫灵活配置混合型证券投资基金,	000649,http://fundf10.eastmoney.com/jbgk_000649.html,混合型,2014年06月26日,2014年07月30日 / 28.010亿份,0.61亿元（截止至：2020年03月31日）,0.4781亿份,长城基金,http://fund.eastmoney.com/company/80000239.html,中国银行,http://fund.eastmoney.com/bank/80001122.html,赵波,http://fund.eastmoney.com/manager/30283990.html,每份累计0.00元（0次）,1.50%（每年）,0.25%（每年）,55%沪深300指数收益率+45%中债总财富指数收益率,该基金无跟踪标的
广发龙头优选灵活配置混合型证券投资基金,	005910,http://fundf10.eastmoney.com/jbgk_005910.html,混合型,2018年07月05日,2018年08月08日 / 4.570亿份,0.92亿元（截止至：2020年03月31日）,0.6853亿份,广发基金,http://fund.eastmoney.com/company/80000248.html,建设银行,http://fund.eastmoney.com/bank/80001068.html,田文舟,http://fund.eastmoney.com/manager/30672366.html,每份累计0.00元（0次）,1.50%（每年）,0.25%（每年）,沪深300指数收益率×50%+中证全债指数收益率×50%,该基金无跟踪标的
银华尊和养老目标日期2030三年持有期混合型发起式基金中基金(FOF),	007779,http://fundf10.eastmoney.com/jbgk_007779.html,混合-FOF,2019年08月05日,2019年08月16日 / 0.137亿份,0.15亿元（截止至：2020年03月31日）,0.1480亿份,银华基金,http://fund.eastmoney.com/company/80000235.html,交通银行,http://fund.eastmoney.com/bank/80001121.html,肖侃宁,http://fund.eastmoney.com/manager/30040431.html,每份累计0.00元（0次）,0.80%（每年）,0.20%（每年）,沪深300指数收益率×30%+中证全债指数收益率×70%,该基金无跟踪标的
广发主题领先灵活配置混合型证券投资基金,	000477,http://fundf10.eastmoney.com/jbgk_000477.html,混合型,2014年06月30日,2014年07月31日 / 4.204亿份,7.93亿元（截止至：2020年03月31日）,5.1962亿份,广发基金,http://fund.eastmoney.com/company/80000248.html,工商银行,http://fund.eastmoney.com/bank/80001067.html,王颂,http://fund.eastmoney.com/manager/30320406.html,每份累计0.00元（0次）,1.50%（每年）,0.25%（每年）,沪深300指数×40%+中债-综合财富(总值)指数×50%+银行活期存款利率(税后)×10%,该基金无跟踪标的
宝盈资源优选混合型证券投资基金,	213008,http://fundf10.eastmoney.com/jbgk_213008.html,混合型,2008年05月22日,2008年04月15日 / 5.000亿份,18.07亿元（截止至：2020年03月31日）,12.2530亿份,宝盈基金,http://fund.eastmoney.com/company/80000236.html,建设银行,http://fund.eastmoney.com/bank/80001068.html,肖肖,http://fund.eastmoney.com/manager/30516943.html,每份累计0.73元（4次）,1.50%（每年）,0.25%（每年）,沪深300指数×75%+上证国债指数×25%,该基金无跟踪标的
鹏扬景欣混合型证券投资基金,	005665,http://fundf10.eastmoney.com/jbgk_005665.html,混合型,2018年02月08日,2018年05月10日 / 3.142亿份,0.97亿元（截止至：2020年03月31日）,0.8290亿份,鹏扬基金,http://fund.eastmoney.com/company/80522693.html,招商银行,http://fund.eastmoney.com/bank/10000020.html,赵世宏,http://fund.eastmoney.com/manager/30438312.html,每份累计0.00元（0次）,0.80%（每年）,0.20%（每年）,沪深300指数收益率*15%+中债综合财富(总值)指数收益率*85%,该基金无跟踪标的
大成景恒混合型证券投资基金,	006038,http://fundf10.eastmoney.com/jbgk_006038.html,混合型,,2018年06月26日 / --,0.07亿元（截止至：2020年03月31日）,0.0498亿份,大成基金,http://fund.eastmoney.com/company/80000225.html,中国银行,http://fund.eastmoney.com/bank/80001122.html,苏秉毅,http://fund.eastmoney.com/manager/30158275.html,每份累计0.00元（0次）,1.50%（每年）,0.25%（每年）,沪深300指数×80%+中证综合债券指数×20%,该基金无跟踪标的
长信颐天平衡养老目标三年持有期混合型基金中基金(FOF),	006873,http://fundf10.eastmoney.com/jbgk_006873.html,混合-FOF,2019年06月28日,2019年09月26日 / 2.078亿份,0.46亿元（截止至：2020年03月31日）,0.4487亿份,长信基金,http://fund.eastmoney.com/company/80000243.html,中国民生银行,http://fund.eastmoney.com/bank/10000013.html,朱轶伦,http://fund.eastmoney.com/manager/30537547.html,每份累计0.00元（0次）,0.80%（每年）,0.20%（每年）,50%*中证全债指数收益率+50%*中证偏股型基金指数收益率,该基金无跟踪标的
中融量化精选混合型基金中基金(FOF),	005759,http://fundf10.eastmoney.com/jbgk_005759.html,混合-FOF,2018年04月03日,2018年05月04日 / 4.285亿份,0.12亿元（截止至：2020年03月31日）,0.1208亿份,中融基金,http://fund.eastmoney.com/company/80341238.html,工商银行,http://fund.eastmoney.com/bank/80001067.html,哈图,http://fund.eastmoney.com/manager/30573653.html,每份累计0.00元（0次）,1.00%（每年）,0.20%（每年）,中证800指数收益率×20%+中债综合财富指数收益率×75%+同期银行活期存款利率(税后)×5%,该基金无跟踪标的
易方达国企改革混合型证券投资基金,	001382,http://fundf10.eastmoney.com/jbgk_001382.html,混合型,2017年07月24日,2017年08月23日 / 3.553亿份,0.87亿元（截止至：2020年03月31日）,0.6874亿份,易方达基金,http://fund.eastmoney.com/company/80000229.html,工商银行,http://fund.eastmoney.com/bank/80001067.html,郭杰,http://fund.eastmoney.com/manager/30192538.html,每份累计0.00元（0次）,1.50%（每年）,0.25%（每年）,中证国有企业改革指数收益率×80%+一年期人民币定期存款利率(税后)×20%,该基金无跟踪标的
中银新回报灵活配置混合型证券投资基金,	000190,http://fundf10.eastmoney.com/jbgk_000190.html,混合型,2013年08月07日,2013年09月10日 / 10.387亿份,5.11亿元（截止至：2020年03月31日）,3.3909亿份,中银基金,http://fund.eastmoney.com/company/80048752.html,招商银行,http://fund.eastmoney.com/bank/10000020.html,李建,http://fund.eastmoney.com/manager/30040278.html,每份累计0.32元（3次）,1.20%（每年）,0.20%（每年）,沪深300指数收益率×50%+中债综合指数收益率×45%+银行活期存款利率(税后)×5%,该基金无跟踪标的
泰达宏利消费行业量化精选混合型证券投资基金,	008354,http://fundf10.eastmoney.com/jbgk_008354.html,混合型,2019年12月23日,2020年01月19日 / 8.290亿份,0.09亿元（截止至：2020年03月31日）,0.0892亿份,泰达宏利基金,http://fund.eastmoney.com/company/80000238.html,中国银行,http://fund.eastmoney.com/bank/80001122.html,刘欣,http://fund.eastmoney.com/manager/30182148.html,每份累计0.00元（0次）,1.50%（每年）,0.25%（每年）,申银万国消费品指数收益率×90%+银行活期存款利率(税后)×10%,该基金无跟踪标的
富国睿泽回报混合型证券投资基金,	007016,http://fundf10.eastmoney.com/jbgk_007016.html,混合型,2019年05月06日,2019年06月05日 / 4.079亿份,2.39亿元（截止至：2020年03月31日）,2.0233亿份,富国基金,http://fund.eastmoney.com/company/80000221.html,建设银行,http://fund.eastmoney.com/bank/80001068.html,张啸伟,http://fund.eastmoney.com/manager/30364527.html,每份累计0.00元（0次）,1.50%（每年）,0.25%（每年）,中证800指数收益率×50%+中债综合全价指数收益率×50%,该基金无跟踪标的
嘉实领航资产配置混合型基金中基金(FOF),	005157,http://fundf10.eastmoney.com/jbgk_005157.html,混合-FOF,2017年09月26日,2017年10月26日 / 28.638亿份,0.57亿元（截止至：2020年03月31日）,0.5477亿份,嘉实基金,http://fund.eastmoney.com/company/80000223.html,建设银行,http://fund.eastmoney.com/bank/80001068.html,张静,http://fund.eastmoney.com/manager/30559048.html,每份累计0.00元（0次）,0.80%（每年）,0.25%（每年）,中证800股票指数收益率×20%+中债综合财富指数收益率×70%+Wind商品综合指数收益率×10%,该基金无跟踪标的
浦银安盛盛世精选灵活配置混合型证券投资基金,	519127,http://fundf10.eastmoney.com/jbgk_519127.html,混合型,2014年05月27日,2014年06月26日 / 3.815亿份,2.14亿元（截止至：2020年03月31日）,1.2475亿份,浦银安盛基金,http://fund.eastmoney.com/company/80091787.html,中信银行,http://fund.eastmoney.com/bank/80001220.html,褚艳辉,http://fund.eastmoney.com/manager/30285338.html,每份累计0.00元（0次）,1.50%（每年）,0.25%（每年）,55%×沪深300指数+45%×中证全债指数,该基金无跟踪标的
泰康景泰回报混合型证券投资基金,	005014,http://fundf10.eastmoney.com/jbgk_005014.html,混合型,2017年10月30日,2017年12月13日 / 4.716亿份,3.56亿元（截止至：2020年03月31日）,3.1869亿份,泰康资产,http://fund.eastmoney.com/company/80061674.html,工商银行,http://fund.eastmoney.com/bank/80001067.html,黄钟,http://fund.eastmoney.com/manager/30682742.html,每份累计0.00元（0次）,1.20%（每年）,0.20%（每年）,中债新综合财富(总值)指数收益率*75%+沪深300指数收益率*20%+金融机构人民币活期存款利率(税后)*5%,该基金无跟踪标的
华富永鑫灵活配置混合型证券投资基金,	001466,http://fundf10.eastmoney.com/jbgk_001466.html,混合型,2015年06月08日,2015年06月15日 / 7.923亿份,0.01亿元（截止至：2020年03月31日）,0.0147亿份,华富基金,http://fund.eastmoney.com/company/80037023.html,工商银行,http://fund.eastmoney.com/bank/80001067.html,张娅,http://fund.eastmoney.com/manager/30040512.html,每份累计0.00元（0次）,0.60%（每年）,0.15%（每年）,沪深300指数收益率×50%+上证国债指数收益率×50%,该基金无跟踪标的
易方达创新驱动灵活配置混合型证券投资基金,	000603,http://fundf10.eastmoney.com/jbgk_000603.html,混合型,2015年01月22日,2015年02月13日 / 16.724亿份,15.45亿元（截止至：2020年03月31日）,17.4761亿份,易方达基金,http://fund.eastmoney.com/company/80000229.html,建设银行,http://fund.eastmoney.com/bank/80001068.html,葛秋石,http://fund.eastmoney.com/manager/30565979.html,每份累计0.00元（0次）,1.50%（每年）,0.25%（每年）,50%×沪深300指数收益率+50%×中债总财富指数收益率,该基金无跟踪标的
国寿安保灵活优选混合型证券投资基金,	001932,http://fundf10.eastmoney.com/jbgk_001932.html,混合型,2016年03月01日,2016年04月06日 / 6.212亿份,2.89亿元（截止至：2020年03月31日）,2.6481亿份,国寿安保基金,http://fund.eastmoney.com/company/80355783.html,中国银行,http://fund.eastmoney.com/bank/80001122.html,吴闻,http://fund.eastmoney.com/manager/30384800.html,每份累计0.05元（1次）,0.80%（每年）,0.25%（每年）,20%×沪深300指数+80%×中证全债指数,该基金无跟踪标的
南方优享分红灵活配置混合型证券投资基金,	005123,http://fundf10.eastmoney.com/jbgk_005123.html,混合型,2017年11月09日,2017年12月06日 / 52.057亿份,10.83亿元（截止至：2020年03月31日）,9.5564亿份,南方基金,http://fund.eastmoney.com/company/80000220.html,工商银行,http://fund.eastmoney.com/bank/80001067.html,李振兴,http://fund.eastmoney.com/manager/30283643.html,每份累计0.00元（0次）,1.50%（每年）,0.25%（每年）,沪深300指数收益率×60%+上证国债指数收益率×40%,该基金无跟踪标的
中银证券聚瑞混合型证券投资基金,	004914,http://fundf10.eastmoney.com/jbgk_004914.html,混合型,2017年10月16日,2017年11月29日 / 2.506亿份,0.01亿元（截止至：2020年03月31日）,0.0131亿份,中银证券,http://fund.eastmoney.com/company/80000200.html,浦发银行,http://fund.eastmoney.com/bank/10000001.html,白冰洋,http://fund.eastmoney.com/manager/30283513.html,每份累计0.00元（0次）,0.60%（每年）,0.10%（每年）,中证800指数收益率*25%+中债综合全价指数收益率*70%+同期银行活期存款利率(税后)*5%,该基金无跟踪标的
南方优选成长混合型证券投资基金,	005206,http://fundf10.eastmoney.com/jbgk_005206.html,混合型,,2017年12月01日 / --,1.54亿元（截止至：2020年03月31日）,0.4962亿份,南方基金,http://fund.eastmoney.com/company/80000220.html,建设银行,http://fund.eastmoney.com/bank/80001068.html,骆帅,http://fund.eastmoney.com/manager/30350672.html,每份累计0.00元（0次）,1.50%（每年）,0.25%（每年）,60%×沪深300指数+40%×上证国债指数,该基金无跟踪标的
上投摩根转型动力灵活配置混合型证券投资基金,	000328,http://fundf10.eastmoney.com/jbgk_000328.html,混合型,2013年10月24日,2013年11月25日 / 15.211亿份,5.27亿元（截止至：2020年03月31日）,2.9910亿份,上投摩根基金,http://fund.eastmoney.com/company/80050229.html,建设银行,http://fund.eastmoney.com/bank/80001068.html,张富盛,http://fund.eastmoney.com/manager/30141893.html,每份累计0.00元（0次）,1.50%（每年）,0.25%（每年）,沪深300指数收益率×80%+中债总指数收益率×20%,该基金无跟踪标的
长城医疗保健混合型证券投资基金,	000339,http://fundf10.eastmoney.com/jbgk_000339.html,混合型,2014年01月23日,2014年02月28日 / 25.673亿份,6.05亿元（截止至：2020年03月31日）,2.2986亿份,长城基金,http://fund.eastmoney.com/company/80000239.html,建设银行,http://fund.eastmoney.com/bank/80001068.html,谭小兵,http://fund.eastmoney.com/manager/30426853.html,每份累计0.00元（0次）,1.50%（每年）,0.25%（每年）,90%×中证医药卫生指数收益率+10%×中债综合财富指数收益率,该基金无跟踪标的
富国优质发展混合型证券投资基金,	006528,http://fundf10.eastmoney.com/jbgk_006528.html,混合型,2019年01月07日,2019年01月25日 / 3.515亿份,0.03亿元（截止至：2020年03月31日）,0.0267亿份,富国基金,http://fund.eastmoney.com/company/80000221.html,中国民生银行,http://fund.eastmoney.com/bank/10000013.html,曹文俊,http://fund.eastmoney.com/manager/30201160.html,每份累计0.00元（0次）,1.50%（每年）,0.25%（每年）,沪深300指数收益率×60%+中债综合全价指数收益率×40%,该基金无跟踪标的
银河旺利灵活配置混合型证券投资基金,	519611,http://fundf10.eastmoney.com/jbgk_519611.html,混合型,2016年04月06日,2016年05月13日 / 2.013亿份,0.00亿元（截止至：2020年03月31日）,0.0036亿份,银河基金,http://fund.eastmoney.com/company/80000237.html,北京银行,http://fund.eastmoney.com/bank/80001097.html,蒋磊,http://fund.eastmoney.com/manager/30486543.html,每份累计0.12元（6次）,0.60%（每年）,0.20%（每年）,上证国债指数收益率×50%+沪深300指数收益率×50%,该基金无跟踪标的
中银民丰回报混合型证券投资基金,	007318,http://fundf10.eastmoney.com/jbgk_007318.html,混合型,2019年07月01日,2019年07月31日 / 14.427亿份,6.48亿元（截止至：2020年03月31日）,6.2549亿份,中银基金,http://fund.eastmoney.com/company/80048752.html,中国民生银行,http://fund.eastmoney.com/bank/10000013.html,涂海强,http://fund.eastmoney.com/manager/30408547.html,每份累计0.00元（0次）,0.80%（每年）,0.20%（每年）,沪深300指数收益率×20%+恒生指数收益率(经人民币汇率折算)×5%+中债综合指数收益率×75%,该基金无跟踪标的
中海医药健康产业精选灵活配置混合型证券投资基金,	000878,http://fundf10.eastmoney.com/jbgk_000878.html,混合型,2014年11月17日,2014年12月17日 / 6.237亿份,7.06亿元（截止至：2020年03月31日）,3.9067亿份,中海基金,http://fund.eastmoney.com/company/80046614.html,浦发银行,http://fund.eastmoney.com/bank/10000001.html,易小金,http://fund.eastmoney.com/manager/30577939.html,每份累计0.30元（4次）,1.50%（每年）,0.25%（每年）,中证医药卫生指数收益率*50%+中证全债指数收益率*50%,该基金无跟踪标的
泰达宏利蓝筹价值混合型证券投资基金,	001267,http://fundf10.eastmoney.com/jbgk_001267.html,混合型,2015年05月11日,2015年06月03日 / 3.957亿份,1.18亿元（截止至：2020年03月31日）,1.5311亿份,泰达宏利基金,http://fund.eastmoney.com/company/80000238.html,建设银行,http://fund.eastmoney.com/bank/80001068.html,张勋,http://fund.eastmoney.com/manager/30304973.html,每份累计0.00元（0次）,1.50%（每年）,0.25%（每年）,60%*沪深300指数收益率+40%*中证综合债指数收益率,该基金无跟踪标的
泰康宏泰回报混合型证券投资基金,	002767,http://fundf10.eastmoney.com/jbgk_002767.html,混合型,2016年05月11日,2016年06月08日 / 6.024亿份,12.99亿元（截止至：2020年03月31日）,9.7126亿份,泰康资产,http://fund.eastmoney.com/company/80061674.html,招商银行,http://fund.eastmoney.com/bank/10000020.html,桂跃强,http://fund.eastmoney.com/manager/30075270.html,每份累计0.00元（0次）,1.20%（每年）,0.20%（每年）,15%*沪深300指数收益率+80%*中债新综合财富(总值)指数收益率+5%*金融机构人民币活期存款利率(税后),该基金无跟踪标的
中银主题策略混合型证券投资基金,	163822,http://fundf10.eastmoney.com/jbgk_163822.html,混合型,2012年07月02日,2012年07月25日 / 8.950亿份,3.17亿元（截止至：2020年03月31日）,1.5068亿份,中银基金,http://fund.eastmoney.com/company/80048752.html,广发银行,http://fund.eastmoney.com/bank/80001180.html,黄珺,http://fund.eastmoney.com/manager/30657417.html,每份累计0.10元（1次）,1.50%（每年）,0.25%（每年）,沪深300指数收益率×80%+上证国债指数收益率×20%,该基金无跟踪标的
新华鑫弘灵活配置混合型证券投资基金,	003739,http://fundf10.eastmoney.com/jbgk_003739.html,混合型,2016年11月18日,2016年11月30日 / 2.000亿份,1.86亿元（截止至：2020年03月31日）,1.5017亿份,新华基金,http://fund.eastmoney.com/company/80000249.html,建设银行,http://fund.eastmoney.com/bank/80001068.html,刘晓晨,http://fund.eastmoney.com/manager/30112148.html,每份累计0.00元（0次）,0.65%（每年）,0.15%（每年）,沪深300指数收益率×60%+中国债券总指数收益率×40%,该基金无跟踪标的
中银益利灵活配置混合型证券投资基金,	002617,http://fundf10.eastmoney.com/jbgk_002617.html,混合型,2016年04月11日,2016年04月25日 / 5.441亿份,1.60亿元（截止至：2020年03月31日）,1.2927亿份,中银基金,http://fund.eastmoney.com/company/80048752.html,招商银行,http://fund.eastmoney.com/bank/10000020.html,杨成,http://fund.eastmoney.com/manager/30079452.html,每份累计0.05元（1次）,0.60%（每年）,0.15%（每年）,沪深300指数收益率×60%+中债综合指数收益率×40%,该基金无跟踪标的
宝盈龙头优选股票型证券投资基金,	008303,http://fundf10.eastmoney.com/jbgk_008303.html,股票型,2020年03月09日,2020年03月25日 / 8.585亿份,6.75亿元（截止至：2020年03月25日）,6.7544亿份,宝盈基金,http://fund.eastmoney.com/company/80000236.html,农业银行,http://fund.eastmoney.com/bank/80001120.html,肖肖,http://fund.eastmoney.com/manager/30516943.html,每份累计0.00元（0次）,1.50%（每年）,0.25%（每年）,沪深300指数收益率×75%+中证港股通综合指数(人民币)收益率×15%+商业银行活期存款利率(税后)×10%,该基金无跟踪标的
天弘中证食品饮料指数型发起式证券投资基金,	001631,http://fundf10.eastmoney.com/jbgk_001631.html,股票指数,2015年07月28日,2015年07月29日 / 0.100亿份,3.13亿元（截止至：2020年03月31日）,1.6878亿份,天弘基金,http://fund.eastmoney.com/company/80041198.html,中信证券,http://fund.eastmoney.com/bank/10000018.html,沙川,http://fund.eastmoney.com/manager/30138815.html,每份累计0.08元（1次）,0.50%（每年）,0.10%（每年）,中证食品饮料指数收益率×95%+银行活期存款利率(税后)×5%,中证食品饮料指数
交银施罗德医药创新股票型证券投资基金,	004075,http://fundf10.eastmoney.com/jbgk_004075.html,股票型,2017年02月20日,2017年03月23日 / 13.447亿份,10.66亿元（截止至：2020年03月31日）,5.4263亿份,交银施罗德基金,http://fund.eastmoney.com/company/80064562.html,工商银行,http://fund.eastmoney.com/bank/80001067.html,楼慧源,http://fund.eastmoney.com/manager/30591022.html,每份累计0.00元（0次）,1.50%（每年）,0.25%（每年）,85%×中证医药卫生指数收益率+15%×中证综合债券指数收益率,该基金无跟踪标的
中融高股息精选混合型证券投资基金,	006123,http://fundf10.eastmoney.com/jbgk_006123.html,混合型,2019年09月06日,2019年09月26日 / 12.200亿份,3.25亿元（截止至：2020年03月31日）,3.0402亿份,中融基金,http://fund.eastmoney.com/company/80341238.html,工商银行,http://fund.eastmoney.com/bank/80001067.html,柯海东,http://fund.eastmoney.com/manager/30405173.html,每份累计0.00元（0次）,1.50%（每年）,0.25%（每年）,中证红利指数收益率×70%+中证港股通高股息投资指数收益率×10%+上证国债指数收益率×20%,该基金无跟踪标的
招商稳健优选股票型证券投资基金,	004784,http://fundf10.eastmoney.com/jbgk_004784.html,股票型,2017年08月21日,2017年09月20日 / 3.282亿份,0.54亿元（截止至：2020年03月31日）,0.4304亿份,招商基金,http://fund.eastmoney.com/company/80036782.html,建设银行,http://fund.eastmoney.com/bank/80001068.html,钟贇,http://fund.eastmoney.com/manager/30562988.html,每份累计0.00元（0次）,1.50%（每年）,0.25%（每年）,沪深300指数收益率×80%+中债综合指数收益率×20%,该基金无跟踪标的
前海开源MSCI中国A股消费指数型证券投资基金,	006712,http://fundf10.eastmoney.com/jbgk_006712.html,股票指数,2018年12月13日,2019年01月17日 / 2.916亿份,0.14亿元（截止至：2020年03月31日）,0.1062亿份,前海开源基金,http://fund.eastmoney.com/company/80280038.html,建设银行,http://fund.eastmoney.com/bank/80001068.html,陶曙斌,http://fund.eastmoney.com/manager/30525552.html,每份累计0.00元（0次）,0.50%（每年）,0.10%（每年）,MSCI中国A股消费指数收益率×95%+银行人民币活期存款利率(税后)×5%,MSCI中国A股消费指数
招商核心优选股票型证券投资基金,	008075,http://fundf10.eastmoney.com/jbgk_008075.html,股票型,2019年11月18日,2019年12月17日 / 39.113亿份,30.76亿元（截止至：2020年03月31日）,31.0226亿份,招商基金,http://fund.eastmoney.com/company/80036782.html,中国银行,http://fund.eastmoney.com/bank/80001122.html,付斌,http://fund.eastmoney.com/manager/30324733.html,每份累计0.00元（0次）,1.50%（每年）,0.25%（每年）,沪深300指数收益率×75%+恒生指数收益率×15%+中债综合指数收益率×10%,该基金无跟踪标的
诺安低碳经济股票型证券投资基金,	001208,http://fundf10.eastmoney.com/jbgk_001208.html,股票型,2015年02月23日,2015年05月12日 / 37.860亿份,4.85亿元（截止至：2020年03月31日）,3.9132亿份,诺安基金,http://fund.eastmoney.com/company/80049689.html,工商银行,http://fund.eastmoney.com/bank/80001067.html,蔡宇滨,http://fund.eastmoney.com/manager/30062965.html,每份累计0.00元（0次）,1.50%（每年）,0.25%（每年）,80%×中证内地低碳经济主题指数收益率+20%×中证全债指数收益率,该基金无跟踪标的
中海医疗保健主题股票型证券投资基金,	399011,http://fundf10.eastmoney.com/jbgk_399011.html,股票型,2012年02月06日,2012年03月07日 / 2.672亿份,12.84亿元（截止至：2020年03月31日）,7.8557亿份,中海基金,http://fund.eastmoney.com/company/80046614.html,工商银行,http://fund.eastmoney.com/bank/80001067.html,易小金,http://fund.eastmoney.com/manager/30577939.html,每份累计1.05元（10次）,1.50%（每年）,0.25%（每年）,中证医药卫生指数收益率*80%+中证全债指数收益率*20%,该基金无跟踪标的
安信量化优选股票型发起式证券投资基金,	006346,http://fundf10.eastmoney.com/jbgk_006346.html,股票型,2018年08月24日,2018年09月03日 / 0.100亿份,0.15亿元（截止至：2020年03月31日）,0.1049亿份,安信基金,http://fund.eastmoney.com/company/80163340.html,工商银行,http://fund.eastmoney.com/bank/80001067.html,施荣盛,http://fund.eastmoney.com/manager/30690782.html,每份累计0.00元（0次）,1.50%（每年）,0.25%（每年）,中证500指数收益率×85%+中证综合债券指数收益率×15%,该基金无跟踪标的
嘉实互融精选股票型证券投资基金,	006603,http://fundf10.eastmoney.com/jbgk_006603.html,股票型,2018年11月23日,2019年02月28日 / 3.490亿份,0.45亿元（截止至：2020年03月31日）,0.4551亿份,嘉实基金,http://fund.eastmoney.com/company/80000223.html,工商银行,http://fund.eastmoney.com/bank/80001067.html,蒋一茜,http://fund.eastmoney.com/manager/30383521.html,每份累计0.00元（0次）,1.50%（每年）,0.25%（每年）,沪深300指数收益率×45%+恒生指数收益率×45%+中债综合财富指数收益率×10%,该基金无跟踪标的
申万菱信中证军工指数分级证券投资基金,	163115,http://fundf10.eastmoney.com/jbgk_163115.html,股票指数,2014年06月30日,2014年07月24日 / 4.188亿份,8.80亿元（截止至：2020年03月31日）,8.0118亿份,申万菱信基金,http://fund.eastmoney.com/company/80045188.html,农业银行,http://fund.eastmoney.com/bank/80001120.html,龚丽丽,http://fund.eastmoney.com/manager/30352218.html,每份累计0.00元（0次）,1.00%（每年）,0.22%（每年）,95%×中证军工指数收益率+5%×银行同业存款利率,中证军工指数
国投瑞银研究精选股票型证券投资基金,	001520,http://fundf10.eastmoney.com/jbgk_001520.html,股票型,2017年11月17日,2017年12月01日 / 2.254亿份,1.27亿元（截止至：2020年03月31日）,1.1873亿份,国投瑞银基金,http://fund.eastmoney.com/company/80000233.html,工商银行,http://fund.eastmoney.com/bank/80001067.html,桑俊,http://fund.eastmoney.com/manager/30308132.html,每份累计0.00元（0次）,1.50%（每年）,0.25%（每年）,沪深300指数收益率×90%+银行活期存款利率(税后)×10%,该基金无跟踪标的
银华医疗健康量化优选股票型发起式证券投资基金,	005237,http://fundf10.eastmoney.com/jbgk_005237.html,股票型,2017年10月16日,2017年11月09日 / 0.337亿份,0.22亿元（截止至：2020年03月31日）,0.1676亿份,银华基金,http://fund.eastmoney.com/company/80000235.html,工商银行,http://fund.eastmoney.com/bank/80001067.html,马君,http://fund.eastmoney.com/manager/30185328.html,每份累计0.00元（0次）,1.00%（每年）,0.10%（每年）,中证全指医药卫生指数收益率×90%+商业银行人民币活期存款利率(税后)×10%,该基金无跟踪标的
博时中证银联智惠大数据100指数型证券投资基金,	002588,http://fundf10.eastmoney.com/jbgk_002588.html,股票指数,2016年04月05日,2016年05月20日 / 2.185亿份,0.34亿元（截止至：2020年03月31日）,0.2409亿份,博时基金,http://fund.eastmoney.com/company/80000226.html,工商银行,http://fund.eastmoney.com/bank/80001067.html,桂征辉,http://fund.eastmoney.com/manager/30360645.html,每份累计0.00元（0次）,0.80%（每年）,0.10%（每年）,95%×中证银联智惠大数据100指数收益率+5%×银行活期存款利率(税后),中证银联智惠大数据100指数
上投摩根安全战略股票型证券投资基金,	001009,http://fundf10.eastmoney.com/jbgk_001009.html,股票型,2015年01月26日,2015年02月26日 / 34.207亿份,7.01亿元（截止至：2020年03月31日）,5.5535亿份,上投摩根基金,http://fund.eastmoney.com/company/80050229.html,中国银行,http://fund.eastmoney.com/bank/80001122.html,陈思郁,http://fund.eastmoney.com/manager/30362197.html,每份累计0.00元（0次）,1.50%（每年）,0.25%（每年）,中证800指数收益率*85%+中债总指数收益率*15%,该基金无跟踪标的
南方内需增长两年持有期股票型证券投资基金,	008854,http://fundf10.eastmoney.com/jbgk_008854.html,股票型,2020年02月06日,2020年02月21日 / 47.811亿份,38.96亿元（截止至：2020年02月21日）,38.9634亿份,南方基金,http://fund.eastmoney.com/company/80000220.html,工商银行,http://fund.eastmoney.com/bank/80001067.html,骆帅,http://fund.eastmoney.com/manager/30350672.html,每份累计0.00元（0次）,1.50%（每年）,0.25%（每年）,中证800指数收益率×65%+中证港股通综合指数(人民币)收益率×20%+中债总指数收益率×15%,该基金无跟踪标的
国泰金鑫股票型证券投资基金,	519606,http://fundf10.eastmoney.com/jbgk_519606.html,股票型,2014年09月22日,2014年09月15日 / 30.000亿份,9.34亿元（截止至：2020年03月31日）,5.3422亿份,国泰基金,http://fund.eastmoney.com/company/80000224.html,建设银行,http://fund.eastmoney.com/bank/80001068.html,申坤,http://fund.eastmoney.com/manager/30352210.html,每份累计0.00元（0次）,1.50%（每年）,0.25%（每年）,90%×沪深300指数收益率+10%×中证综合债指数收益率,该基金无跟踪标的
汇丰晋信价值先锋股票型证券投资基金,	004350,http://fundf10.eastmoney.com/jbgk_004350.html,股票型,2018年10月15日,2018年11月14日 / 4.167亿份,0.89亿元（截止至：2020年03月31日）,0.6431亿份,汇丰晋信基金,http://fund.eastmoney.com/company/80067635.html,建设银行,http://fund.eastmoney.com/bank/80001068.html,吴培文,http://fund.eastmoney.com/manager/30063664.html,每份累计0.00元（0次）,1.50%（每年）,0.25%（每年）,中证800指数收益率*90%+同业存款利率(税后)*10%,该基金无跟踪标的
创金合信中证1000指数增强型发起式证券投资基金,	003647,http://fundf10.eastmoney.com/jbgk_003647.html,股票指数,2016年12月05日,2016年12月22日 / 0.101亿份,0.46亿元（截止至：2020年03月31日）,0.4616亿份,创金合信基金,http://fund.eastmoney.com/company/80380794.html,农业银行,http://fund.eastmoney.com/bank/80001120.html,董梁,http://fund.eastmoney.com/manager/30166843.html,每份累计0.00元（0次）,0.80%（每年）,0.15%（每年）,中证1000指数收益率×95%+一年期人民币定期存款利率(税后)×5%,中证1000指数
国寿安保国证创业板中盘精选88交易型开放式指数证券投资基金联接基金,	008899,http://fundf10.eastmoney.com/jbgk_008899.html,联接基金,2020年03月04日,2020年03月20日 / 2.056亿份,0.05亿元（截止至：2020年03月20日）,0.0463亿份,国寿安保基金,http://fund.eastmoney.com/company/80355783.html,中信证券,http://fund.eastmoney.com/bank/10000018.html,李康,http://fund.eastmoney.com/manager/30335798.html,每份累计0.00元（0次）,0.30%（每年）,0.10%（每年）,国证创业板中盘精选88指数收益率×95%+银行活期存款利率(税后)×5%,国证创业板中盘精选88指数
工银瑞信文体产业股票型证券投资基金,	001714,http://fundf10.eastmoney.com/jbgk_001714.html,股票型,2015年11月30日,2015年12月30日 / 4.307亿份,46.31亿元（截止至：2020年03月31日）,24.9642亿份,工银瑞信基金,http://fund.eastmoney.com/company/80064225.html,兴业银行,http://fund.eastmoney.com/bank/80001069.html,袁芳,http://fund.eastmoney.com/manager/30396512.html,每份累计0.19元（1次）,1.50%（每年）,0.25%（每年）,80%×中证文体指数收益率+20%×中债综合财富(总值)指数收益率,该基金无跟踪标的
富国中证1000指数增强型证券投资基金(LOF),	161039,http://fundf10.eastmoney.com/jbgk_161039.html,股票指数,2018年05月03日,2018年05月31日 / 5.121亿份,0.96亿元（截止至：2020年03月31日）,0.7717亿份,富国基金,http://fund.eastmoney.com/company/80000221.html,农业银行,http://fund.eastmoney.com/bank/80001120.html,徐幼华,http://fund.eastmoney.com/manager/30072180.html,每份累计0.00元（0次）,1.00%（每年）,0.15%（每年）,中证1000指数收益率×95%+银行人民币活期存款利率(税后)×5%,中证1000指数
华夏中证四川国企改革交易型开放式指数证券投资基金发起式联接基金,	006560,http://fundf10.eastmoney.com/jbgk_006560.html,联接基金,2018年12月24日,2019年01月22日 / 20.719亿份,0.02亿元（截止至：2020年03月31日）,0.0245亿份,华夏基金,http://fund.eastmoney.com/company/80000222.html,建设银行,http://fund.eastmoney.com/bank/80001068.html,庞亚平,http://fund.eastmoney.com/manager/30589069.html,每份累计0.00元（0次）,0.50%（每年）,0.05%（每年）,中证四川国企改革指数收益率*95%+银行活期存款利率(税后)*5%,中证四川国企改革指数
工银瑞信新增益混合型证券投资基金,	001721,http://fundf10.eastmoney.com/jbgk_001721.html,混合型,2016年12月23日,2016年12月29日 / 2.000亿份,2.23亿元（截止至：2020年03月31日）,2.0436亿份,工银瑞信基金,http://fund.eastmoney.com/company/80064225.html,中国银河,http://fund.eastmoney.com/bank/80000135.html,李敏,http://fund.eastmoney.com/manager/30272179.html,每份累计0.00元（0次）,0.90%（每年）,0.15%（每年）,30%×沪深300指数收益率+70%×中债综合指数收益率,该基金无跟踪标的
南方现代教育股票型证券投资基金,	003956,http://fundf10.eastmoney.com/jbgk_003956.html,股票型,2016年12月26日,2017年01月25日 / 2.811亿份,10.93亿元（截止至：2020年03月31日）,7.7651亿份,南方基金,http://fund.eastmoney.com/company/80000220.html,建设银行,http://fund.eastmoney.com/bank/80001068.html,萧嘉倩,http://fund.eastmoney.com/manager/30670259.html,每份累计0.00元（0次）,1.50%（每年）,0.25%（每年）,中证教育产业指数收益率×80%+上证国债指数收益率×20%,该基金无跟踪标的
广发科技动力股票型证券投资基金,	005777,http://fundf10.eastmoney.com/jbgk_005777.html,股票型,2018年05月14日,2018年05月31日 / 25.659亿份,35.75亿元（截止至：2020年03月31日）,25.6365亿份,广发基金,http://fund.eastmoney.com/company/80000248.html,工商银行,http://fund.eastmoney.com/bank/80001067.html,李耀柱,http://fund.eastmoney.com/manager/30407680.html,每份累计0.00元（0次）,1.50%（每年）,0.25%（每年）,中证800指数收益率×60%+人民币计价的恒生综合指数收益率×20%+中证全债指数收益率×20%,该基金无跟踪标的
长江量化匠心甄选股票型证券投资基金,	006957,http://fundf10.eastmoney.com/jbgk_006957.html,股票型,2019年02月20日,2019年04月25日 / 2.149亿份,0.04亿元（截止至：2020年03月31日）,0.0380亿份,长江证券(上海),http://fund.eastmoney.com/company/80404004.html,平安银行,http://fund.eastmoney.com/bank/10000590.html,祗飞跃,http://fund.eastmoney.com/manager/30654823.html,每份累计0.00元（0次）,1.50%（每年）,0.20%（每年）,中证500指数收益率*95%+商业银行活期存款利率(税后)*5%,该基金无跟踪标的
创金合信国证2000指数发起式证券投资基金,	005565,http://fundf10.eastmoney.com/jbgk_005565.html,股票指数,2018年01月09日,2018年02月07日 / 0.101亿份,0.05亿元（截止至：2020年03月31日）,0.0530亿份,创金合信基金,http://fund.eastmoney.com/company/80380794.html,招商银行,http://fund.eastmoney.com/bank/10000020.html,陈龙,http://fund.eastmoney.com/manager/30562501.html,每份累计0.00元（0次）,0.50%（每年）,0.10%（每年）,国证2000指数收益率×95%+银行人民币活期存款利率(税后)×5%,国证2000指数
上投摩根中证消费服务领先指数证券投资基金,	370023,http://fundf10.eastmoney.com/jbgk_370023.html,股票指数,2012年08月27日,2012年09月25日 / 4.438亿份,0.29亿元（截止至：2020年03月31日）,0.1808亿份,上投摩根基金,http://fund.eastmoney.com/company/80050229.html,建设银行,http://fund.eastmoney.com/bank/80001068.html,施虓文,http://fund.eastmoney.com/manager/30515273.html,每份累计0.18元（2次）,0.75%（每年）,0.15%（每年）,95%×中证消费服务领先指数收益率+5%×税后银行活期存款收益率,消费服务
中邮消费升级灵活配置混合型发起式证券投资基金,	003513,http://fundf10.eastmoney.com/jbgk_003513.html,混合型,2016年11月21日,2016年12月15日 / 5.106亿份,0.30亿元（截止至：2020年03月31日）,0.2692亿份,中邮基金,http://fund.eastmoney.com/company/80075936.html,兴业银行,http://fund.eastmoney.com/bank/80001069.html,聂璐,http://fund.eastmoney.com/manager/30420160.html,每份累计0.00元（0次）,1.50%（每年）,0.25%（每年）,中证消费指数收益率×60%+上证国债指数收益率×40%,该基金无跟踪标的
光大保德信欣鑫灵活配置混合型证券投资基金,	001904,http://fundf10.eastmoney.com/jbgk_001904.html,混合型,2015年11月12日,2015年11月16日 / 26.016亿份,2.28亿元（截止至：2020年03月31日）,1.9888亿份,光大保德信基金,http://fund.eastmoney.com/company/80048088.html,兴业银行,http://fund.eastmoney.com/bank/80001069.html,陈栋,http://fund.eastmoney.com/manager/30339269.html,每份累计0.10元（6次）,0.60%（每年）,0.15%（每年）,沪深300指数收益率×50%+中证全债指数收益率×50%,该基金无跟踪标的
建信中小盘先锋股票型证券投资基金,	000729,http://fundf10.eastmoney.com/jbgk_000729.html,股票型,2014年07月28日,2014年08月20日 / 7.598亿份,1.61亿元（截止至：2020年03月31日）,1.1240亿份,建信基金,http://fund.eastmoney.com/company/80065990.html,招商证券,http://fund.eastmoney.com/bank/80000012.html,许杰,http://fund.eastmoney.com/manager/30040449.html,每份累计0.00元（0次）,1.50%（每年）,0.25%（每年）,85%×中证500指数收益率+15%×中债综合全价(总值)指数收益率,该基金无跟踪标的
国联安主题驱动混合型证券投资基金,	257050,http://fundf10.eastmoney.com/jbgk_257050.html,混合型,2009年07月20日,2009年08月26日 / 8.437亿份,0.82亿元（截止至：2020年03月31日）,0.4906亿份,国联安基金,http://fund.eastmoney.com/company/80043374.html,建设银行,http://fund.eastmoney.com/bank/80001068.html,张汉毅,http://fund.eastmoney.com/manager/30513369.html,每份累计0.00元（0次）,1.50%（每年）,0.25%（每年）,沪深300指数×80%+上证国债指数×20%,该基金无跟踪标的
长信中证500指数增强型证券投资基金,	004945,http://fundf10.eastmoney.com/jbgk_004945.html,股票指数,2017年08月01日,2017年08月30日 / 2.104亿份,0.60亿元（截止至：2020年03月31日）,0.58亿份,长信基金,http://fund.eastmoney.com/company/80000243.html,建设银行,http://fund.eastmoney.com/bank/80001068.html,宋海岸,http://fund.eastmoney.com/manager/30570050.html,每份累计0.00元（0次）,0.80%（每年）,0.15%（每年）,中证500指数收益率*95%+银行活期存款利率(税后)*5%,中证500指数
大成MSCI中国A股质优价值100交易型开放式指数证券投资基金联接基金,	007783,http://fundf10.eastmoney.com/jbgk_007783.html,联接基金,2019年09月02日,2019年09月26日 / 5.564亿份,0.12亿元（截止至：2020年03月31日）,0.1241亿份,大成基金,http://fund.eastmoney.com/company/80000225.html,农业银行,http://fund.eastmoney.com/bank/80001120.html,张钟玉,http://fund.eastmoney.com/manager/30334245.html,每份累计0.00元（0次）,0.50%（每年）,0.10%（每年）,MSCI中国A股质优价值100指数收益率×95%+银行活期存款税后利率×5%,MSCI中国A股质优价值100指数
建信互联网+产业升级股票型证券投资基金,	001396,http://fundf10.eastmoney.com/jbgk_001396.html,股票型,2015年06月04日,2015年06月23日 / 29.085亿份,8.70亿元（截止至：2020年03月31日）,11.2767亿份,建信基金,http://fund.eastmoney.com/company/80065990.html,华夏银行,http://fund.eastmoney.com/bank/10001303.html,何珅华,http://fund.eastmoney.com/manager/30341354.html,每份累计0.00元（0次）,1.50%（每年）,0.25%（每年）,中证800指数收益率×80% +中债综合指数收益率(全价)×20%,该基金无跟踪标的
鹏华中证医药卫生指数证券投资基金(LOF),	160635,http://fundf10.eastmoney.com/jbgk_160635.html,股票指数,2015年07月06日,2015年08月17日 / 2.347亿份,0.65亿元（截止至：2020年03月31日）,0.5769亿份,鹏华基金,http://fund.eastmoney.com/company/80000230.html,建设银行,http://fund.eastmoney.com/bank/80001068.html,罗捷,http://fund.eastmoney.com/manager/30568961.html,每份累计0.00元（0次）,0.75%（每年）,0.15%（每年）,中证医药卫生指数收益率×95%+商业银行活期存款利率(税后)×5%,中证医药卫生指数
天弘中证医药100指数型发起式证券投资基金,	001550,http://fundf10.eastmoney.com/jbgk_001550.html,股票指数,2015年06月29日,2015年06月30日 / 0.100亿份,4.63亿元（截止至：2020年03月31日）,5.3528亿份,天弘基金,http://fund.eastmoney.com/company/80041198.html,国泰君安,http://fund.eastmoney.com/bank/80000123.html,沙川,http://fund.eastmoney.com/manager/30138815.html,每份累计0.00元（0次）,0.50%（每年）,0.10%（每年）,中证医药100指数收益率×95%+银行活期存款利率(税后)×5%,中证医药100指数
嘉实研究阿尔法股票型证券投资基金,	000082,http://fundf10.eastmoney.com/jbgk_000082.html,股票型,2013年05月02日,2013年05月28日 / 3.658亿份,4.69亿元（截止至：2020年03月31日）,3.9574亿份,嘉实基金,http://fund.eastmoney.com/company/80000223.html,农业银行,http://fund.eastmoney.com/bank/80001120.html,张露,http://fund.eastmoney.com/manager/30549894.html,每份累计0.83元（3次）,1.50%（每年）,0.25%（每年）,MSCI中国A股指数收益率*95%+银行活期存款利率(税后)*5%,该基金无跟踪标的
平安股息精选沪港深股票型证券投资基金,	004404,http://fundf10.eastmoney.com/jbgk_004404.html,股票型,2017年03月30日,2017年05月17日 / 3.014亿份,0.01亿元（截止至：2020年03月31日）,0.0113亿份,平安基金,http://fund.eastmoney.com/company/80168726.html,中国银行,http://fund.eastmoney.com/bank/80001122.html,DANIEL DONGNING SUN,http://fund.eastmoney.com/manager/30553049.html,每份累计0.00元（0次）,1.50%（每年）,0.25%（每年）,沪深300指数收益率×35%+恒生指数收益率(使用估值汇率折算)×35%+中证综合债券指数收益率×30%,该基金无跟踪标的
嘉实腾讯自选股大数据策略股票型证券投资基金,	001637,http://fundf10.eastmoney.com/jbgk_001637.html,股票型,2015年11月16日,2015年12月07日 / 12.626亿份,1.69亿元（截止至：2020年03月31日）,1.4649亿份,嘉实基金,http://fund.eastmoney.com/company/80000223.html,工商银行,http://fund.eastmoney.com/bank/80001067.html,刘斌,http://fund.eastmoney.com/manager/30054195.html,每份累计0.00元（0次）,1.50%（每年）,0.25%（每年）,中证500指数收益率*95%+中证综合债券指数收益率*5%,该基金无跟踪标的
大成中证红利指数证券投资基金,	007801,http://fundf10.eastmoney.com/jbgk_007801.html,股票指数,,2019年08月02日 / --,0.32亿元（截止至：2020年03月31日）,0.2124亿份,大成基金,http://fund.eastmoney.com/company/80000225.html,建设银行,http://fund.eastmoney.com/bank/80001068.html,夏高,http://fund.eastmoney.com/manager/30309950.html,每份累计0.00元（0次）,0.75%（每年）,0.15%（每年）,中证红利指数×95%+银行活期存款利率(税后)×5%,中证红利指数
长城量化小盘股票型证券投资基金,	007903,http://fundf10.eastmoney.com/jbgk_007903.html,股票型,2019年12月26日,2020年01月10日 / 21.908亿份,17.40亿元（截止至：2020年03月31日）,19.7293亿份,长城基金,http://fund.eastmoney.com/company/80000239.html,建设银行,http://fund.eastmoney.com/bank/80001068.html,雷俊,http://fund.eastmoney.com/manager/30309957.html,每份累计0.00元（0次）,1.50%（每年）,0.25%（每年）,中证1000指数收益率×90%+活期存款利率×10%,该基金无跟踪标的
国联安中证医药100指数证券投资基金,	006569,http://fundf10.eastmoney.com/jbgk_006569.html,股票指数,,2018年10月26日 / --,0.12亿元（截止至：2020年03月31日）,0.1135亿份,国联安基金,http://fund.eastmoney.com/company/80043374.html,交通银行,http://fund.eastmoney.com/bank/80001121.html,黄欣,http://fund.eastmoney.com/manager/30058026.html,每份累计0.00元（0次）,0.80%（每年）,0.20%（每年）,95%×中证医药100指数收益率+5%×活期存款利率(税后),中证医药100指数
MSCI中国A股国际通交易型开放式指数证券投资基金发起式联接基金,	005789,http://fundf10.eastmoney.com/jbgk_005789.html,联接基金,2018年05月09日,2018年06月08日 / 7.161亿份,1.44亿元（截止至：2020年03月31日）,1.2519亿份,南方基金,http://fund.eastmoney.com/company/80000220.html,中国银行,http://fund.eastmoney.com/bank/80001122.html,罗文杰,http://fund.eastmoney.com/manager/30163568.html,每份累计0.00元（0次）,0.50%（每年）,0.10%（每年）,MSCI China A Inclusion RMB Index(MSCI中国A股国际通指数)×95%+银行人民币活期存款利率(税后)×5%,该基金无跟踪标的
景顺长城沪港深精选股票型证券投资基金,	000979,http://fundf10.eastmoney.com/jbgk_000979.html,股票型,2015年03月26日,2015年04月15日 / 110.116亿份,28.23亿元（截止至：2020年03月31日）,25.2376亿份,景顺长城基金,http://fund.eastmoney.com/company/80000251.html,工商银行,http://fund.eastmoney.com/bank/80001067.html,鲍无可,http://fund.eastmoney.com/manager/30289521.html,每份累计0.00元（0次）,1.50%（每年）,0.25%（每年）,沪深300指数 X 45% + 恒生指数 X 45% +中证全债指数×10%,该基金无跟踪标的
华夏MSCI中国A股国际通交易型开放式指数证券投资基金联接基金,	000975,http://fundf10.eastmoney.com/jbgk_000975.html,联接基金,2015年01月21日,2015年02月12日 / 5.956亿份,1.33亿元（截止至：2020年03月31日）,1.2499亿份,华夏基金,http://fund.eastmoney.com/company/80000222.html,中国银行,http://fund.eastmoney.com/bank/80001122.html,荣膺,http://fund.eastmoney.com/manager/30387787.html,每份累计0.06元（1次）,0.50%（每年）,0.10%（每年）,MSCI中国A股国际通指数收益率×95%+人民币活期存款税后利率×5%,该基金无跟踪标的
华泰紫金智能量化股票型发起式证券投资基金,	005502,http://fundf10.eastmoney.com/jbgk_005502.html,股票型,2018年01月08日,2018年02月01日 / 3.431亿份,0.41亿元（截止至：2020年03月31日）,0.4326亿份,华泰证券(上海),http://fund.eastmoney.com/company/80391977.html,中国银行,http://fund.eastmoney.com/bank/80001122.html,毛甜,http://fund.eastmoney.com/manager/30131280.html,每份累计0.00元（0次）,1.50%（每年）,0.25%（每年）,中证800指数收益率*90%+上证国债指数收益率*10%,该基金无跟踪标的
广发中证全指可选消费交易型开放式指数证券投资基金发起式联接基金,	001133,http://fundf10.eastmoney.com/jbgk_001133.html,联接基金,2015年03月23日,2015年04月15日 / 14.156亿份,2.47亿元（截止至：2020年03月31日）,3.6741亿份,广发基金,http://fund.eastmoney.com/company/80000248.html,中国银行,http://fund.eastmoney.com/bank/80001122.html,陆志明,http://fund.eastmoney.com/manager/30071658.html,每份累计0.00元（0次）,0.50%（每年）,0.10%（每年）,95%×中证全指可选消费指数收益率+5%×银行活期存款利率(税后),全指可选
汇安沪深300指数增强型证券投资基金,	003885,http://fundf10.eastmoney.com/jbgk_003885.html,股票指数,2017年01月09日,2017年01月25日 / 2.010亿份,1.15亿元（截止至：2020年03月31日）,1.0001亿份,汇安基金,http://fund.eastmoney.com/company/80498278.html,浦发银行,http://fund.eastmoney.com/bank/10000001.html,朱晨歌,http://fund.eastmoney.com/manager/30569783.html,每份累计0.00元（0次）,1.00%（每年）,0.10%（每年）,沪深300指数收益率×95%+银行活期存款利率(税后)×5%,沪深300指数
国联安双禧中证100指数分级证券投资基金,	162509,http://fundf10.eastmoney.com/jbgk_162509.html,股票指数,2010年03月18日,2010年04月16日 / 9.821亿份,1.82亿元（截止至：2020年03月31日）,1.1642亿份,国联安基金,http://fund.eastmoney.com/company/80043374.html,建设银行,http://fund.eastmoney.com/bank/80001068.html,黄欣,http://fund.eastmoney.com/manager/30058026.html,每份累计0.00元（0次）,1.00%（每年）,0.22%（每年）,95%×中证100指数收益率+5%×活期存款利率(税后),中证100指数
国投瑞银中证500指数量化增强型证券投资基金,	007089,http://fundf10.eastmoney.com/jbgk_007089.html,股票指数,,2019年03月14日 / --,0.13亿元（截止至：2020年03月31日）,0.0990亿份,国投瑞银基金,http://fund.eastmoney.com/company/80000233.html,农业银行,http://fund.eastmoney.com/bank/80001120.html,殷瑞飞,http://fund.eastmoney.com/manager/30202050.html,每份累计0.00元（0次）,1.00%（每年）,0.15%（每年）,中证500指数收益率×95%+商业银行活期存款利率(税前)×5%,中证500指数
建信央视财经50指数分级发起式证券投资基金,	165312,http://fundf10.eastmoney.com/jbgk_165312.html,股票指数,2013年02月25日,2013年03月28日 / 16.175亿份,6.59亿元（截止至：2020年03月31日）,6.5138亿份,建信基金,http://fund.eastmoney.com/company/80065990.html,交通银行,http://fund.eastmoney.com/bank/80001121.html,叶乐天,http://fund.eastmoney.com/manager/30161722.html,每份累计0.00元（0次）,1.00%（每年）,0.22%（每年）,95%×央视财经50指数收益率+5%×银行活期存款利率(税后),央视财经50指数
申万菱信中证500指数优选增强型证券投资基金,	003986,http://fundf10.eastmoney.com/jbgk_003986.html,股票指数,2016年12月23日,2017年01月10日 / 2.157亿份,12.14亿元（截止至：2020年03月31日）,9.9012亿份,申万菱信基金,http://fund.eastmoney.com/company/80045188.html,农业银行,http://fund.eastmoney.com/bank/80001120.html,刘敦,http://fund.eastmoney.com/manager/30556142.html,每份累计0.09元（2次）,1.00%（每年）,0.20%（每年）,中证500指数收益率*95%+银行活期存款利率(税后)*5%,中证500指数
安信中证500指数增强型证券投资基金,	005965,http://fundf10.eastmoney.com/jbgk_005965.html,股票指数,2018年09月14日,2018年11月29日 / 2.477亿份,0.05亿元（截止至：2020年03月31日）,0.0378亿份,安信基金,http://fund.eastmoney.com/company/80163340.html,宁波银行,http://fund.eastmoney.com/bank/80045209.html,徐黄玮,http://fund.eastmoney.com/manager/30559334.html,每份累计0.00元（0次）,0.80%（每年）,0.10%（每年）,95%×中证500指数收益率+5%×银行活期存款利率(税后),中证500指数
前海开源MSCI中国A股指数型证券投资基金,	006524,http://fundf10.eastmoney.com/jbgk_006524.html,股票指数,2018年10月16日,2018年11月27日 / 2.284亿份,0.12亿元（截止至：2020年03月31日）,0.1092亿份,前海开源基金,http://fund.eastmoney.com/company/80280038.html,招商银行,http://fund.eastmoney.com/bank/10000020.html,陶曙斌,http://fund.eastmoney.com/manager/30525552.html,每份累计0.10元（1次）,0.50%（每年）,0.10%（每年）,MSCI中国A股指数收益率×95%+银行人民币活期存款利率(税后)×5%,CHINA A ONSHORE
安信中证500指数增强型证券投资基金,	005966,http://fundf10.eastmoney.com/jbgk_005966.html,股票指数,2018年09月14日,2018年11月29日 / 2.477亿份,0.30亿元（截止至：2020年03月31日）,0.2314亿份,安信基金,http://fund.eastmoney.com/company/80163340.html,宁波银行,http://fund.eastmoney.com/bank/80045209.html,徐黄玮,http://fund.eastmoney.com/manager/30559334.html,每份累计0.00元（0次）,0.80%（每年）,0.10%（每年）,95%×中证500指数收益率+5%×银行活期存款利率(税后),中证500指数
富国中证500指数增强型证券投资基金(LOF),	161017,http://fundf10.eastmoney.com/jbgk_161017.html,股票指数,2011年09月09日,2011年10月12日 / 4.555亿份,60.85亿元（截止至：2020年03月31日）,36.2964亿份,富国基金,http://fund.eastmoney.com/company/80000221.html,农业银行,http://fund.eastmoney.com/bank/80001120.html,李笑薇,http://fund.eastmoney.com/manager/30055839.html,每份累计0.37元（2次）,1.00%（每年）,0.15%（每年）,"95%×中证500指数收益率+1%(指年收益率,评价时按期间折算)",中证500指数
汇添富价值多因子量化策略股票型证券投资基金,	005530,http://fundf10.eastmoney.com/jbgk_005530.html,股票型,2017年12月27日,2018年03月23日 / 3.615亿份,1.24亿元（截止至：2020年03月31日）,1.1087亿份,汇添富基金,http://fund.eastmoney.com/company/80053708.html,建设银行,http://fund.eastmoney.com/bank/80001068.html,吴振翔,http://fund.eastmoney.com/manager/30057296.html,每份累计0.00元（0次）,1.50%（每年）,0.25%（每年）,沪深300指数收益率 * 90% + 活期存款利率(税后)* 10%,该基金无跟踪标的
中融中证500交易型开放式指数证券投资基金联接基金,	007885,http://fundf10.eastmoney.com/jbgk_007885.html,联接基金,2019年11月18日,2019年12月31日 / 2.991亿份,1.24亿元（截止至：2020年03月31日）,1.3069亿份,中融基金,http://fund.eastmoney.com/company/80341238.html,光大银行,http://fund.eastmoney.com/bank/80001066.html,赵菲,http://fund.eastmoney.com/manager/30342503.html,每份累计0.00元（0次）,0.30%（每年）,0.10%（每年）,中证500指数收益率×95%+银行活期存款利率(税后)×5%,中证500指数
万家中证500指数增强型发起式证券投资基金,	006729,http://fundf10.eastmoney.com/jbgk_006729.html,股票指数,2019年05月06日,2019年05月23日 / 2.160亿份,0.57亿元（截止至：2020年03月31日）,0.4971亿份,万家基金,http://fund.eastmoney.com/company/80000240.html,工商银行,http://fund.eastmoney.com/bank/80001067.html,乔亮,http://fund.eastmoney.com/manager/30533599.html,每份累计0.01元（1次）,1.00%（每年）,0.20%（每年）,中证500指数收益率*95%+一年期人民币定期存款利率(税后)*5%,中证500指数
新华MSCI中国A股国际交易型开放式指数证券投资基金联接基金,	007541,http://fundf10.eastmoney.com/jbgk_007541.html,联接基金,2019年07月01日,2019年08月14日 / 3.119亿份,0.70亿元（截止至：2020年03月31日）,0.6991亿份,新华基金,http://fund.eastmoney.com/company/80000249.html,农业银行,http://fund.eastmoney.com/bank/80001120.html,邓岳,http://fund.eastmoney.com/manager/30130519.html,每份累计0.00元（0次）,0.50%（每年）,0.10%（每年）,MSCI中国A股国际指数收益率×95%+银行活期存款税后利率×5%,MSCI中国A股国际指数
华泰柏瑞中证500交易型开放式指数证券投资基金联接基金,	001214,http://fundf10.eastmoney.com/jbgk_001214.html,联接基金,2015年04月15日,2015年05月13日 / 6.619亿份,1.61亿元（截止至：2020年03月31日）,2.8764亿份,华泰柏瑞基金,http://fund.eastmoney.com/company/80055334.html,中国银行,http://fund.eastmoney.com/bank/80001122.html,柳军,http://fund.eastmoney.com/manager/30050008.html,每份累计0.00元（0次）,0.15%（每年）,0.05%（每年）,95%*中证500指数收益率+5%*银行活期存款利率(税后),中证500指数
建信信息产业股票型证券投资基金,	001070,http://fundf10.eastmoney.com/jbgk_001070.html,股票型,2015年03月02日,2015年03月24日 / 24.537亿份,4.17亿元（截止至：2020年03月31日）,2.8297亿份,建信基金,http://fund.eastmoney.com/company/80065990.html,光大银行,http://fund.eastmoney.com/bank/80001066.html,邵卓,http://fund.eastmoney.com/manager/30062853.html,每份累计0.00元（0次）,1.50%（每年）,0.25%（每年）,85%×沪深300指数收益率+15%×中债总财富(总值)指数收益率,该基金无跟踪标的
银华中小市值量化优选股票型发起式证券投资基金,	005515,http://fundf10.eastmoney.com/jbgk_005515.html,股票型,2018年04月09日,2018年05月11日 / 0.110亿份,0.09亿元（截止至：2020年03月31日）,0.1073亿份,银华基金,http://fund.eastmoney.com/company/80000235.html,交通银行,http://fund.eastmoney.com/bank/80001121.html,马君,http://fund.eastmoney.com/manager/30185328.html,每份累计0.00元（0次）,1.00%（每年）,0.20%（每年）,中证1000指数收益率×85%+商业银行活期存款利率(税后)×15%,该基金无跟踪标的
创金合信沪深300指数增强型发起式证券投资基金,	002315,http://fundf10.eastmoney.com/jbgk_002315.html,股票指数,2015年12月29日,2015年12月31日 / 0.100亿份,2.63亿元（截止至：2020年03月31日）,2.4221亿份,创金合信基金,http://fund.eastmoney.com/company/80380794.html,招商银行,http://fund.eastmoney.com/bank/10000020.html,董梁,http://fund.eastmoney.com/manager/30166843.html,每份累计0.15元（1次）,0.80%（每年）,0.10%（每年）,沪深300指数收益率×95%+ 一年期人民币定期存款利率(税后)×5%,沪深300指数
国寿安保中证500交易型开放式指数证券投资基金联接基金,	001241,http://fundf10.eastmoney.com/jbgk_001241.html,联接基金,2015年05月04日,2015年05月29日 / 4.129亿份,7.27亿元（截止至：2020年03月31日）,14.6352亿份,国寿安保基金,http://fund.eastmoney.com/company/80355783.html,农业银行,http://fund.eastmoney.com/bank/80001120.html,李康,http://fund.eastmoney.com/manager/30335798.html,每份累计0.00元（0次）,0.50%（每年）,0.10%（每年）,中证500指数收益率×95%+银行活期存款利率(税后)×5%,中证500指数
广发创业板交易型开放式指数证券投资基金发起式联接基金,	003766,http://fundf10.eastmoney.com/jbgk_003766.html,联接基金,2017年04月27日,2017年05月25日 / 0.256亿份,7.24亿元（截止至：2020年03月31日）,7.0209亿份,广发基金,http://fund.eastmoney.com/company/80000248.html,工商银行,http://fund.eastmoney.com/bank/80001067.html,刘杰,http://fund.eastmoney.com/manager/30283311.html,每份累计0.00元（0次）,0.15%（每年）,0.05%（每年）,95%×创业板指数收益率+5%×银行活期存款利率(税后),创业板指数(价格)
平安MSCI中国A股国际交易型开放式指数证券投资基金联接基金,	005868,http://fundf10.eastmoney.com/jbgk_005868.html,联接基金,2018年05月21日,2018年06月21日 / 2.238亿份,0.50亿元（截止至：2020年03月31日）,0.4427亿份,平安基金,http://fund.eastmoney.com/company/80168726.html,工商银行,http://fund.eastmoney.com/bank/80001067.html,成钧,http://fund.eastmoney.com/manager/30562202.html,每份累计0.00元（0次）,0.50%（每年）,0.10%（每年）,MSCI中国A股国际指数(MSCI China A International Index)收益率×95%+银行人民币活期存款利率(税后)×5%,MSCI中国A股国际指数
天弘中证800指数型发起式证券投资基金,	001589,http://fundf10.eastmoney.com/jbgk_001589.html,股票指数,2015年07月15日,2015年07月16日 / 0.100亿份,0.30亿元（截止至：2020年03月31日）,0.3226亿份,天弘基金,http://fund.eastmoney.com/company/80041198.html,广发证券,http://fund.eastmoney.com/bank/10001075.html,张子法,http://fund.eastmoney.com/manager/30527985.html,每份累计0.00元（0次）,0.50%（每年）,0.10%（每年）,中证800指数收益率×95%+银行活期存款利率(税后)×5%,中证800指数
博时中证央企结构调整交易型开放式指数证券投资基金联接基金,	006439,http://fundf10.eastmoney.com/jbgk_006439.html,联接基金,2018年10月15日,2018年11月14日 / 7.019亿份,0.36亿元（截止至：2020年03月31日）,0.3769亿份,博时基金,http://fund.eastmoney.com/company/80000226.html,招商银行,http://fund.eastmoney.com/bank/10000020.html,赵云阳,http://fund.eastmoney.com/manager/30164013.html,每份累计0.00元（0次）,0.15%（每年）,0.05%（每年）, 中证央企结构调整指数收益率×95%+银行活期存款税后利率×5%,中证央企结构调整指数
易方达创业板交易型开放式指数证券投资基金联接基金,	004744,http://fundf10.eastmoney.com/jbgk_004744.html,联接基金,,2017年06月02日 / --,9.72亿元（截止至：2020年03月31日）,5.1198亿份,易方达基金,http://fund.eastmoney.com/company/80000229.html,工商银行,http://fund.eastmoney.com/bank/80001067.html,成曦,http://fund.eastmoney.com/manager/30366471.html,每份累计0.00元（0次）,0.50%（每年）,0.10%（每年）,创业板指数收益率×95%+活期存款利率(税后)×5%,创业板指数(价格)
前海开源优势蓝筹股票型证券投资基金,	001638,http://fundf10.eastmoney.com/jbgk_001638.html,股票型,,2015年07月06日 / --,0.21亿元（截止至：2020年03月31日）,0.1503亿份,前海开源基金,http://fund.eastmoney.com/company/80280038.html,招商银行,http://fund.eastmoney.com/bank/10000020.html,吴国清,http://fund.eastmoney.com/manager/30373412.html,每份累计0.00元（0次）,1.00%（每年）,0.25%（每年）,沪深300指数收益率×80%+中证全债指数收益率×20%,该基金无跟踪标的
嘉实中证新兴科技100策略交易型开放式指数证券投资基金联接基金,	007816,http://fundf10.eastmoney.com/jbgk_007816.html,联接基金,2019年10月09日,2019年11月01日 / 3.301亿份,0.80亿元（截止至：2020年03月31日）,0.7438亿份,嘉实基金,http://fund.eastmoney.com/company/80000223.html,中国银行,http://fund.eastmoney.com/bank/80001122.html,李直,http://fund.eastmoney.com/manager/30565164.html,每份累计0.00元（0次）,0.50%（每年）,0.10%（每年）,中证新兴科技100策略指数收益率×95%+银行活期存款税后利率×5%,中证新兴科技100策略指数
广发中证100交易型开放式指数证券投资基金发起式联接基金,	007136,http://fundf10.eastmoney.com/jbgk_007136.html,联接基金,2019年04月08日,2019年05月27日 / 0.797亿份,0.92亿元（截止至：2020年03月31日）,0.9552亿份,广发基金,http://fund.eastmoney.com/company/80000248.html,工商银行,http://fund.eastmoney.com/bank/80001067.html,罗国庆,http://fund.eastmoney.com/manager/30379614.html,每份累计0.00元（0次）,0.50%（每年）,0.10%（每年）,中证100指数收益率×95%+银行活期存款利率(税后)×5%,中证100指数
方正富邦中证500交易型开放式指数证券投资基金联接基金,	006657,http://fundf10.eastmoney.com/jbgk_006657.html,联接基金,2019年03月04日,2019年03月26日 / 2.216亿份,0.15亿元（截止至：2020年03月31日）,0.1536亿份,方正富邦基金,http://fund.eastmoney.com/company/80174741.html,建设银行,http://fund.eastmoney.com/bank/80001068.html,吴昊,http://fund.eastmoney.com/manager/30582558.html,每份累计0.00元（0次）,0.50%（每年）,0.10%（每年）,中证500指数收益率×95%+银行人民币活期存款利率(税后)×5%,中证500指数
建信MSCI中国A股国际通交易型开放式指数证券投资基金发起式联接基金,	005830,http://fundf10.eastmoney.com/jbgk_005830.html,联接基金,2018年04月16日,2018年05月16日 / 0.991亿份,0.19亿元（截止至：2020年03月31日）,0.1695亿份,建信基金,http://fund.eastmoney.com/company/80065990.html,中金公司,http://fund.eastmoney.com/bank/80016241.html,梁洪昀,http://fund.eastmoney.com/manager/30053299.html,每份累计0.00元（0次）,0.50%（每年）,0.10%（每年）,MSCI中国A股国际通指数收益率×95%+银行活期存款税后利率×5%,该基金无跟踪标的
工银瑞信美丽城镇主题股票型证券投资基金,	001043,http://fundf10.eastmoney.com/jbgk_001043.html,股票型,2015年03月09日,2015年03月26日 / 23.803亿份,5.46亿元（截止至：2020年03月31日）,3.9999亿份,工银瑞信基金,http://fund.eastmoney.com/company/80064225.html,建设银行,http://fund.eastmoney.com/bank/80001068.html,王君正,http://fund.eastmoney.com/manager/30200831.html,每份累计0.00元（0次）,1.50%（每年）,0.25%（每年）,80%×沪深300指数收益率+20%×中债综合指数收益率,该基金无跟踪标的
天弘创业板交易型开放式指数证券投资基金联接基金,	001593,http://fundf10.eastmoney.com/jbgk_001593.html,联接基金,2015年07月06日,2015年07月08日 / 0.100亿份,21.44亿元（截止至：2020年03月31日）,29.1090亿份,天弘基金,http://fund.eastmoney.com/company/80041198.html,国泰君安,http://fund.eastmoney.com/bank/80000123.html,张子法,http://fund.eastmoney.com/manager/30527985.html,每份累计0.00元（0次）,0.50%（每年）,0.10%（每年）,创业板指数收益率×95%+银行活期存款利率(税后)×5%,创业板指数(价格)
鹏华中证500交易型开放式指数证券投资基金联接基金,	008001,http://fundf10.eastmoney.com/jbgk_008001.html,联接基金,2020年01月02日,2020年01月15日 / 3.053亿份,0.37亿元（截止至：2020年03月31日）,0.4003亿份,鹏华基金,http://fund.eastmoney.com/company/80000230.html,工商银行,http://fund.eastmoney.com/bank/80001067.html,陈龙,http://fund.eastmoney.com/manager/30366278.html,每份累计0.00元（0次）,0.15%（每年）,0.05%（每年）,中证500指数收益率*95%+活期存款利率(税后)*5%,中证500指数
华安MSCI中国A股国际交易型开放式指数证券投资基金联接基金,	005747,http://fundf10.eastmoney.com/jbgk_005747.html,联接基金,2018年08月22日,2018年10月24日 / 2.655亿份,0.06亿元（截止至：2020年03月31日）,0.0510亿份,华安基金,http://fund.eastmoney.com/company/80000228.html,农业银行,http://fund.eastmoney.com/bank/80001120.html,苏卿云,http://fund.eastmoney.com/manager/30512488.html,每份累计0.00元（0次）,0.50%（每年）,0.10%（每年）,95%×MSCI中国A股国际指数收益率(经汇率调整)+5%×商业银行税后活期存款利率,MSCI中国A股国际指数
博道沪深300指数增强型证券投资基金,	007044,http://fundf10.eastmoney.com/jbgk_007044.html,股票指数,2019年04月08日,2019年04月26日 / 5.502亿份,1.05亿元（截止至：2020年03月31日）,0.9766亿份,博道基金,http://fund.eastmoney.com/company/80560392.html,招商银行,http://fund.eastmoney.com/bank/10000020.html,杨梦,http://fund.eastmoney.com/manager/30417748.html,每份累计0.00元（0次）,0.75%（每年）,0.10%（每年）,沪深300指数收益率×95%+同期银行活期存款利率(税后)×5%,沪深300指数
景顺长城量化新动力股票型证券投资基金,	001974,http://fundf10.eastmoney.com/jbgk_001974.html,股票型,2016年05月23日,2016年07月13日 / 2.193亿份,4.22亿元（截止至：2020年03月31日）,2.8250亿份,景顺长城基金,http://fund.eastmoney.com/company/80000251.html,工商银行,http://fund.eastmoney.com/bank/80001067.html,黎海威,http://fund.eastmoney.com/manager/30201219.html,每份累计0.00元（0次）,1.50%（每年）,0.25%（每年）,MSCI中国A股国际指数(MSCI China A International Index)收益率*95%+商业银行活期存款利率(税后)*5%,该基金无跟踪标的
长信沪深300指数增强型证券投资基金,	007448,http://fundf10.eastmoney.com/jbgk_007448.html,股票指数,,2019年05月16日 / --,0.94亿元（截止至：2020年03月31日）,0.8888亿份,长信基金,http://fund.eastmoney.com/company/80000243.html,招商银行,http://fund.eastmoney.com/bank/10000020.html,宋海岸,http://fund.eastmoney.com/manager/30570050.html,每份累计0.00元（0次）,1.00%（每年）,0.15%（每年）,沪深300指数收益率*95%+银行活期存款利率(税后)*5%,沪深300指数
长城中证500指数增强型证券投资基金,	006048,http://fundf10.eastmoney.com/jbgk_006048.html,股票指数,,2018年08月13日 / --,0.44亿元（截止至：2020年03月31日）,0.4318亿份,长城基金,http://fund.eastmoney.com/company/80000239.html,建设银行,http://fund.eastmoney.com/bank/80001068.html,雷俊,http://fund.eastmoney.com/manager/30309957.html,每份累计0.00元（0次）,1.00%（每年）,0.15%（每年）,中证500指数收益率×95%+银行活期存款利率(税后)×5%,中证500指数
鑫元核心资产股票型发起式证券投资基金,	006194,http://fundf10.eastmoney.com/jbgk_006194.html,股票型,2018年09月28日,2018年11月14日 / 0.150亿份,0.01亿元（截止至：2020年03月31日）,0.0134亿份,鑫元基金,http://fund.eastmoney.com/company/80351991.html,工商银行,http://fund.eastmoney.com/bank/80001067.html,丁玥,http://fund.eastmoney.com/manager/30477712.html,每份累计0.00元（0次）,1.50%（每年）,0.25%（每年）,沪深300指数收益率×80%+上证国债指数收益率×20%,该基金无跟踪标的
新疆前海联合沪深300指数型证券投资基金,	007039,http://fundf10.eastmoney.com/jbgk_007039.html,股票指数,,2019年02月26日 / --,0.09亿元（截止至：2020年03月31日）,0.0752亿份,前海联合,http://fund.eastmoney.com/company/80468996.html,工商银行,http://fund.eastmoney.com/bank/80001067.html,林材,http://fund.eastmoney.com/manager/30184620.html,每份累计0.00元（0次）,0.65%（每年）,0.15%（每年）,沪深300指数收益率×95%+银行活期存款利率(税后)×5%,沪深300指数
嘉实智能汽车股票型证券投资基金,	002168,http://fundf10.eastmoney.com/jbgk_002168.html,股票型,2015年12月24日,2016年02月04日 / 2.290亿份,17.69亿元（截止至：2020年03月31日）,9.4814亿份,嘉实基金,http://fund.eastmoney.com/company/80000223.html,工商银行,http://fund.eastmoney.com/bank/80001067.html,姚志鹏,http://fund.eastmoney.com/manager/30447865.html,每份累计0.00元（0次）,1.50%（每年）,0.25%（每年）,中信汽车行业指数收益率*80%+中债总指数收益率*20%,该基金无跟踪标的
汇丰晋信大盘波动精选股票型证券投资基金,	002334,http://fundf10.eastmoney.com/jbgk_002334.html,股票型,2016年02月01日,2016年03月11日 / 2.911亿份,0.36亿元（截止至：2020年03月31日）,0.2879亿份,汇丰晋信基金,http://fund.eastmoney.com/company/80067635.html,建设银行,http://fund.eastmoney.com/bank/80001068.html,方磊,http://fund.eastmoney.com/manager/30165669.html,每份累计0.00元（0次）,1.50%（每年）,0.25%（每年）,沪深300指数*90%+同业存款利率(税后)*10%,该基金无跟踪标的
建信裕利灵活配置混合型证券投资基金,	002281,http://fundf10.eastmoney.com/jbgk_002281.html,混合型,2015年12月23日,2016年01月04日 / 49.784亿份,1.17亿元（截止至：2020年03月31日）,1.0056亿份,建信基金,http://fund.eastmoney.com/company/80065990.html,交通银行,http://fund.eastmoney.com/bank/80001121.html,邵卓,http://fund.eastmoney.com/manager/30062853.html,每份累计0.00元（0次）,1.50%（每年）,0.25%（每年）,沪深300指数收益率*65%+中债总财富(总值)指数收益率*35%,该基金无跟踪标的
中泰开阳价值优选灵活配置混合型证券投资基金,	007549,http://fundf10.eastmoney.com/jbgk_007549.html,混合型,2019年09月02日,2019年09月06日 / 2.967亿份,1.02亿元（截止至：2020年03月31日）,0.9572亿份,中泰证券(上海)资管,http://fund.eastmoney.com/company/80381452.html,建设银行,http://fund.eastmoney.com/bank/80001068.html,姜诚,http://fund.eastmoney.com/manager/30167070.html,每份累计0.00元（0次）,1.50%（每年）,0.25%（每年）,中证800指数收益率*60%+中债综合指数收益率*40%,该基金无跟踪标的
